Time (sec),throughput
0.0,0
0.019336362969645006,3
0.03189165930451913,9
0.045149364679901535,18
0.06038447010388482,30
0.07198736963670989,45
0.11840900273221928,63
0.13009318168808406,84
0.14249735212569373,108
0.1620591957259996,135
0.17934453411572468,165
0.20085163138662374,198
0.21752564106469677,234
0.23066799177068215,273
0.25304679776713596,315
0.2712381563469405,360
0.28493692784798075,408
0.2982663153809924,458
0.31002359149533254,508
0.32178086760967267,558
0.3335381437240128,608
0.3481315437834864,661
0.36201113165050886,717
0.3756702371490586,767
0.38955830621038906,826
0.4035485381114751,888
0.4175476084328833,953
0.431600504279108,1021
0.44579261871473297,1092
0.45945172421328273,1142
0.47365538905476173,1216
0.48788291949624074,1293
0.5022841034580661,1373
0.5275704328159542,1456
0.5423290632689346,1542
0.5559881687674844,1592
0.5774903533315826,1681
0.5921010476934079,1773
0.6038583238077481,1823
0.6156155999220883,1873
0.6273728760364284,1923
0.6427956810149711,2018
0.6582184859935137,2113
0.6736412909720564,2208
0.689064095950599,2303
0.7044869009291417,2398
0.7199097059076843,2493
0.7353589066233447,2590
0.7508211088885555,2689
0.7675302902467462,2790
0.7872899060111377,2893
0.8070851441755291,2998
0.8256719951912819,3105
0.8442886958070347,3214
0.8641468066134925,3325
0.8840346966199504,3438
0.9039415104838057,3553
0.9226324830995585,3670
0.9374258795345547,3789
0.9528334513997655,3910
0.9716271957488516,4034
0.9913705533834256,4160
1.0111382694179996,4288
1.032429486965235,4418
1.0478560549320726,4514
1.06328262289891,4610
1.0787091908657476,4706
1.1000253041996497,4838
1.1211657308287901,4972
1.1424215888179305,5108
1.1621716160948552,5246
1.1819467703051132,5386
1.2017371792063274,5528
1.2216096041075415,5672
1.2414846806390532,5818
1.2613751043705648,5966
1.280880229733679,6116
1.300835656234893,6268
1.320563536429467,6422
1.340291416624041,6578
1.352048692738381,6628
1.3716411460452087,6785
1.3916075313767204,6942
1.4111991465306604,7101
1.4260533374316318,7194
1.4409075283326032,7287
1.4557617192335746,7380
1.4703724135954,7472
1.4899640287493399,7630
1.5095556439032798,7788
1.5291472590572197,7946
1.5487388742111596,8104
1.5683304893650996,8262
1.5882968746966113,8419
1.607889328003439,8576
1.6274817813102667,8733
1.6470742346170943,8889
1.667040619948606,9047
1.6883451806425083,9207
1.7094873602316487,9369
1.7292152404262227,9525
1.750725076628602,9689
1.7707363238267804,9854
1.793257632700248,10021
1.8128417788070756,10176
1.8354480604805432,10345
1.8562167284426887,10516
1.877824631845068,10689
1.8990809401011184,10864
1.9203971587571687,11041
1.9399813048639962,11196
1.9613056020366972,11375
1.9826436976093984,11556
2.0040334561054487,11739
2.025719384530027,11924
2.047405633928676,12111
2.0669897800355037,12266
2.088402471448205,12455
2.109827588290584,12646
2.1322792434040516,12839
2.1547308985175193,13034
2.174315044624347,13189
2.195768702437048,13386
2.2153528485438754,13541
2.239505840735699,13740
2.2590899868425267,13895
2.2833190110343504,14096
2.303285396365862,14251
2.318069194194532,14339
2.340244684429236,14543
2.359836299583176,14701
2.379427914737116,14860
2.399019529891056,15019
2.418667590720837,15178
2.4382592058747767,15337
2.4578508210287167,15496
2.4774424361826566,15655
2.5017450283744807,15864
2.523049589068383,16023
2.544597533492961,16234
2.56621359409161,16447
2.5889675114930135,16662
2.6089625198608943,16822
2.631784867026906,17040
2.6546283341929175,17260
2.678050248874211,17482
2.702555971555504,17706
2.729325305436114,17933
2.756115125716724,18162
2.7757737147373307,18323
2.807121552910919,18554
2.838550703084507,18787
2.867716242058779,19022
2.894605467139389,19259
2.9142640561599955,19420
2.945286107217588,19659
2.9764039726751803,19900
2.996052033504961,20061
3.0198164021063647,20304
3.040958581695505,20465
3.0648544584615167,20710
3.0963249239731,20957
3.1163199323409807,21118
3.1479212714525637,21367
3.1795226105641468,21618
3.1991811995847534,21779
3.2307987306963364,22032
3.262078375353929,22285
3.293695906465512,22537
3.325313437577095,22789
3.356930968688678,23041
3.388542566085975,23295
3.4201541634832724,23549
3.451433808140865,23803
3.4830454055381623,24058
3.5146570029354596,24313
3.546268600332757,24567
3.5775482449903495,24821
3.6043832620709595,25075
3.6312182791515695,25329
3.6580532962321795,25583
3.6896648936294767,25837
3.7164999107100867,26091
3.748111508107384,26345
3.779723105504681,26599
3.8113347029019784,26853
3.8429463002992756,27107
3.8742259449568683,27361
3.9058375423541656,27615
3.937449139751463,27869
3.96906073714876,28123
4.000672334546057,28377
4.032283931943354,28631
4.063563576600947,28885
4.095175173998244,29139
4.12678677139554,29393
4.158398368792837,29647
4.18967801345043,29901
4.21651303053104,30156
4.24334804761165,30411
4.27018306469226,30666
4.301794662089557,30921
4.328629679170167,31176
4.360241276567463,31431
4.39185287396476,31686
4.423464471362057,31941
4.455076068759354,32196
4.486774489470937,32451
4.518386086868234,32705
4.549665731525827,32958
4.58128326263741,33211
4.6129007937489925,33464
4.6445183248605755,33717
4.675797969518168,33970
4.707415500629751,34223
4.739033031741334,34476
4.770650562852917,34729
4.80193020751051,34982
4.82876522459112,35235
4.85560024167173,35488
4.88243525875234,35741
4.914052789863923,35994
4.940887806944533,36247
4.9725053380561155,36500
5.004122869167698,36753
5.035740400279281,37006
5.067357931390864,37259
5.098637576048457,37512
5.13025510716004,37765
5.161534751817633,38018
5.193152282929216,38271
5.2247698140407985,38524
5.2563873451523815,38777
5.287666989809974,39030
5.319284520921557,39283
5.35090205203314,39536
5.382519583144723,39789
5.413799227802316,40042
5.440634244882926,40295
5.467469261963536,40548
5.494304279044146,40801
5.525921810155729,41054
5.552756827236339,41307
5.5843743583479215,41560
5.6159918894595044,41813
5.647609420571087,42066
5.67922695168267,42319
5.710506596340263,42572
5.74211819373756,42826
5.7733978383951525,43080
5.805009435792449,43334
5.836621033189746,43588
5.868232630587043,43842
5.899512275244636,44096
5.931123872641932,44350
5.962735470039229,44604
5.994347067436526,44858
6.025626712094119,45112
6.052461729174729,45366
6.079296746255339,45621
6.106131763335949,45875
6.1377433607332454,46129
6.149322846903349,46173
6.180934444300646,46427
6.212546041697943,46681
6.244157639095239,46935
6.275769236492536,47189
6.307048881150129,47443
6.338660478547426,47697
6.369940123205018,47951
6.401551720602315,48205
6.433163317999612,48459
6.464774915396909,48713
6.496054560054501,48967
6.527666157451798,49221
6.559277754849095,49475
6.590889352246392,49729
6.6221689969039845,49983
6.6490040139845945,50237
6.6758390310652045,50491
6.7026740481458145,50745
6.734285645543111,50999
6.745865131713215,51043
6.777476729110512,51297
6.809088326507808,51551
6.840699923905105,51805
6.872311521302402,52059
6.903591165959995,52313
6.9352027633572915,52567
6.966482408014884,52821
6.998094005412181,53075
7.029705602809478,53329
7.061317200206775,53583
7.092596844864367,53837
7.124208442261664,54091
7.155820039658961,54345
7.187431637056258,54599
7.21871128171385,54853
7.24554629879446,55107
7.27238131587507,55361
7.29921633295568,55615
7.330827930352977,55869
7.357662947433587,56123
7.389274544830884,56377
7.420886142228181,56631
7.4524977396254775,56885
7.48411527073706,57138
7.515394915394653,57391
7.547012446506236,57644
7.578292091163829,57897
7.609909622275412,58150
7.641527153386995,58403
7.673144684498578,58656
7.70442432915617,58909
7.736041860267753,59162
7.767659391379336,59415
7.799276922490919,59668
7.830556567148512,59921
7.857391584229122,60174
7.886878000003393,60428
7.913713017084003,60682
7.9453246144813,60936
7.95693950288254,60981
7.988551100279837,61235
8.020162697677135,61489
8.051774295074432,61743
8.083391826186016,61996
8.114671470843609,62249
8.146289001955193,62502
8.177568646612785,62755
8.20918617772437,63008
8.240803708835953,63261
8.272421239947537,63514
8.30370088460513,63767
8.335318415716714,64020
8.366930013114011,64274
8.398541610511309,64528
8.429821255168902,64782
8.45665627224951,65036
8.486142688023783,65290
8.512977705104392,65544
8.54458930250169,65798
8.571424319582299,66052
8.603035916979596,66306
8.634647514376894,66560
8.666265045488478,66813
8.697882576600062,67066
8.729162221257655,67319
8.760779752369238,67572
8.792059397026831,67826
8.823670994424129,68080
8.855282591821426,68334
8.886894189218724,68588
8.918173833876317,68842
8.949785431273614,69096
8.981397028670912,69350
9.01300862606821,69604
9.044288270725803,69858
9.071123287806412,70112
9.100609703580684,70366
9.127444720661293,70620
9.15905631805859,70874
9.170671206459831,70919
9.202282803857129,71173
9.233894401254426,71427
9.265505998651724,71681
9.297123529763308,71934
9.3284031744209,72187
9.360020705532484,72440
9.391300350190077,72693
9.422917881301661,72946
9.454535412413245,73199
9.486152943524829,73452
9.517432588182421,73705
9.549050119294005,73958
9.580667650405589,74211
9.612285181517173,74464
9.643564826174766,74717
9.670399843255375,74970
9.699805369429646,75223
9.726640386510255,75476
9.758257917621838,75729
9.785092934702448,75982
9.816710465814031,76235
9.848322063211329,76489
9.879933660608627,76743
9.911545258005924,76997
9.942824902663517,77251
9.974436500060815,77505
10.005716144718408,77758
10.037333675829991,78011
10.068951206941575,78264
10.100568738053159,78517
10.131848382710752,78770
10.163465913822336,79023
10.19508344493392,79276
10.226700976045503,79529
10.257980620703096,79782
10.284815637783705,80035
10.314221163957976,80288
10.341056181038585,80541
10.372673712150169,80794
10.399508729230778,81047
10.431126260342362,81300
10.462743791453946,81553
10.49436132256553,81806
10.525978853677113,82059
10.557258498334706,82313
10.588870095732004,82567
10.620149740389596,82821
10.651761337786894,83075
10.683372935184192,83329
10.71498453258149,83583
10.746264177239082,83837
10.77787577463638,84091
10.809487372033677,84345
10.841098969430975,84600
10.872797390142559,84855
10.899632407223168,85110
10.92911882299744,85365
10.955953840078049,85620
10.987565437475347,85875
10.999180325876587,85920
11.030791923273885,86175
11.062403520671182,86430
11.09401511806848,86685
11.125626715465778,86940
11.138019638158195,86985
11.169631235555492,87240
11.201329656267076,87495
11.232941253664373,87750
11.264552851061671,88005
11.296164448458969,88260
11.327862869170552,88515
11.35947446656785,88770
11.391086063965147,89025
11.422697661362445,89280
11.454396082074028,89535
11.481231099154638,89790
11.51071751492891,90045
11.537552532009519,90300
11.569164129406817,90555
11.595999146487426,90810
11.627610743884723,91065
11.659222341282021,91320
11.690833938679319,91575
11.722445536076616,91830
11.7541439567882,92085
11.785755554185497,92340
11.81745397489708,92595
11.849065572294379,92850
11.880677169691676,93105
11.912288767088974,93360
11.943987187800557,93615
11.975598785197855,93870
12.007210382595153,94125
12.03882197999245,94380
12.070520400704034,94635
12.097355417784643,94890
12.126841833558915,95145
12.153676850639524,95400
12.185288448036822,95655
12.21212346511743,95910
12.243735062514729,96165
12.275346659912026,96420
12.306958257309324,96675
12.338569854706622,96930
12.370268275418205,97185
12.401879872815503,97440
12.433578293527086,97695
12.465189890924384,97950
12.496801488321681,98205
12.528413085718979,98460
12.560111506430562,98715
12.59172310382786,98970
12.623334701225158,99225
12.654946298622455,99480
12.686644719334039,99735
12.713479736414648,99990
12.74296615218892,100245
12.76980116926953,100500
12.801412766666827,100755
12.828247783747436,101010
12.859859381144734,101265
12.891470978542031,101520
12.923082575939329,101775
12.954694173336627,102030
12.98639259404821,102285
13.018004191445508,102540
13.049702612157091,102795
13.081314209554389,103050
13.112925806951687,103304
13.144537404348984,103558
13.175817049006577,103812
13.207428646403875,104066
13.239040243801172,104320
13.27065184119847,104574
13.301931485856063,104828
13.328766502936672,105082
13.358252918710944,105336
13.385087935791553,105589
13.416705466903137,105842
13.443540483983746,106095
13.47515801509533,106348
13.506775546206914,106601
13.538393077318498,106854
13.570010608430081,107107
13.601290253087674,107360
13.632907784199258,107613
13.66418742885685,107867
13.695799026254148,108121
13.727410623651446,108375
13.759022221048744,108629
13.790301865706336,108883
13.821913463103634,109137
13.853525060500932,109391
13.88513665789823,109645
13.916416302555822,109899
13.943251319636431,110153
13.972737735410703,110407
13.999572752491312,110661
14.03118434988861,110915
14.05801936696922,111169
14.089630964366517,111423
14.121242561763815,111677
14.152854159161112,111931
14.18446575655841,112185
14.215745401216003,112439
14.2473569986133,112693
14.278636643270893,112947
14.31024824066819,113201
14.341859838065488,113455
14.373471435462786,113709
14.404751080120379,113963
14.436362677517677,114217
14.467974274914974,114471
14.499253919572567,114724
14.53053356423016,114977
14.557368581310769,115230
14.58677410748504,115483
14.613609124565649,115736
14.645226655677233,115989
14.672061672757842,116242
14.703679203869426,116495
14.73529673498101,116748
14.766914266092593,117001
14.798531797204177,117254
14.82981144186177,117507
14.861428972973354,117760
14.892708617630946,118013
14.92432614874253,118266
14.955943679854114,118519
14.987561210965698,118772
15.01884085562329,119025
15.050458386734874,119278
15.082075917846458,119531
15.11335556250405,119784
15.144635207161643,120037
15.171470224242253,120290
15.200875750416524,120543
15.227710767497133,120796
15.259328298608716,121049
15.286163315689326,121302
15.31778084680091,121555
15.349398377912493,121808
15.381015909024077,122061
15.41263344013566,122314
15.443913084793254,122567
15.475530615904837,122820
15.50681026056243,123073
15.538427791674014,123326
15.570045322785598,123579
15.601662853897182,123832
15.632942498554774,124085
15.664560029666358,124338
15.696177560777942,124591
15.727457205435535,124844
15.758736850093127,125097
15.785571867173736,125350
15.814977393348007,125603
15.841812410428616,125856
15.8734299415402,126109
15.90026495862081,126362
15.931882489732393,126615
15.963500020843977,126868
15.99511755195556,127121
16.026735083067145,127374
16.058014727724736,127627
16.089632258836318,127880
16.12091190349391,128133
16.15252943460549,128386
16.184146965717073,128639
16.215764496828655,128892
16.247044141486246,129145
16.278661672597828,129398
16.31027920370941,129651
16.341558848367,129904
16.37283849302459,130157
16.399673510105202,130410
16.429079036279475,130663
16.455914053360086,130916
16.487531584471668,131169
16.51436660155228,131422
16.54598413266386,131675
16.577601663775443,131928
16.609219194887025,132181
16.640836725998607,132434
16.672116370656198,132687
16.703727968053496,132941
16.735007612711087,133195
16.766619210108384,133449
16.798230807505682,133703
16.82984240490298,133957
16.86112204956057,134211
16.89273364695787,134465
16.924345244355166,134719
16.955624889012757,134973
16.986904533670348,135227
17.01373955075096,135481
17.04322596652523,135735
17.070060983605842,135989
17.10167258100314,136243
17.12850759808375,136497
17.160119195481048,136751
17.191730792878346,137005
17.223342390275644,137259
17.25495398767294,137513
17.286233632330532,137767
17.31784522972783,138021
17.34912487438542,138275
17.38073647178272,138529
17.412348069180016,138783
17.443959666577314,139037
17.475239311234905,139291
17.506850908632202,139545
17.5384625060295,139799
17.56974215068709,140053
17.601021795344682,140307
17.627856812425293,140561
17.657343228199565,140815
17.684178245280176,141069
17.715789842677474,141323
17.742624859758084,141577
17.774236457155382,141831
17.80584805455268,142085
17.837459651949978,142339
17.869071249347275,142593
17.900350894004866,142847
17.931962491402164,143101
17.963242136059755,143355
17.994853733457052,143609
18.02646533085435,143863
18.058076928251648,144117
18.08935657290924,144371
18.120968170306536,144625
18.152579767703834,144879
18.183859412361425,145133
18.215139057019016,145387
18.241974074099627,145641
18.2714604898739,145895
18.29829550695451,146149
18.329907104351808,146403
18.35674212143242,146657
18.388353718829716,146911
18.419965316227014,147165
18.45157691362431,147419
18.48318851102161,147673
18.5144681556792,147927
18.546079753076498,148181
18.57735939773409,148435
18.608970995131386,148689
18.640582592528684,148943
18.672194189925982,149197
18.703473834583573,149451
18.73508543198087,149705
18.766697029378168,149959
18.79797667403576,150213
18.82925631869335,150467
18.85609133577396,150721
18.885577751548233,150975
18.912412768628844,151229
18.94402436602614,151483
18.970859383106752,151737
19.00247098050405,151991
19.034082577901348,152245
19.065694175298646,152499
19.097305772695943,152753
19.128585417353534,153007
19.160197014750832,153261
19.191476659408423,153515
19.22308825680572,153769
19.254699854203018,154023
19.286311451600316,154277
19.317591096257907,154531
19.349202693655204,154785
19.380814291052502,155039
19.412093935710093,155293
19.443373580367684,155546
19.470208597448295,155799
19.499614123622568,156052
19.52644914070318,156305
19.55806667181476,156558
19.58490168889537,156811
19.616519220006953,157064
19.648136751118535,157317
19.679754282230117,157570
19.7113718133417,157823
19.74265145799929,158076
19.774268989110872,158329
19.805548633768463,158582
19.837166164880045,158835
19.868783695991628,159088
19.90040122710321,159341
19.9316808717608,159594
19.963298402872383,159847
19.994915933983965,160100
20.026195578641556,160353
20.057475223299146,160606
20.084310240379757,160859
20.11371576655403,161112
20.14055078363464,161365
20.172168314746223,161618
20.199003331826834,161871
20.230620862938416,162124
20.262238394049998,162377
20.29385592516158,162630
20.325473456273162,162883
20.337861892696537,162927
20.36947942380812,163180
20.40075906846571,163433
20.432376599577292,163686
20.463994130688874,163939
20.495611661800456,164192
20.526891306458047,164445
20.55850883756963,164698
20.59012636868121,164951
20.621406013338802,165204
20.652685657996393,165457
20.679520675077004,165710
20.708926201251277,165963
20.735761218331888,166216
20.76737874944347,166469
20.79421376652408,166722
20.825831297635663,166975
20.857448828747245,167228
20.889066359858827,167481
20.92068389097041,167734
20.951963535628,167987
20.983581066739582,168240
21.014860711397173,168493
21.046478242508755,168746
21.078095773620337,168999
21.10971330473192,169252
21.14099294938951,169505
21.172610480501092,169758
21.204228011612674,170011
21.235507656270265,170264
21.266787300927856,170517
21.293622318008467,170770
21.32302784418274,171023
21.34986286126335,171276
21.381480392374932,171529
21.408315409455543,171782
21.439932940567125,172035
21.471550471678707,172288
21.50316800279029,172541
21.53478553390187,172794
21.566065178559462,173047
21.597682709671044,173300
21.628962354328635,173553
21.660579885440217,173806
21.6921974165518,174059
21.72381494766338,174312
21.755094592320972,174565
21.786712123432554,174818
21.818329654544137,175071
21.849609299201727,175324
21.88088894385932,175577
21.90772396093993,175830
21.937129487114202,176083
21.963964504194813,176336
21.995582035306395,176589
22.022417052387006,176842
22.054034583498588,177095
22.08565211461017,177348
22.117269645721752,177601
22.148887176833334,177854
22.180166821490925,178107
22.211784352602507,178360
22.243063997260098,178613
22.27468152837168,178866
22.306299059483262,179119
22.337916590594844,179372
22.369196235252435,179625
22.400813766364017,179878
22.4324312974756,180131
22.46371094213319,180384
22.49499058679078,180637
22.52182560387139,180890
22.551231130045664,181143
22.578066147126275,181396
22.609683678237857,181649
22.63651869531847,181902
22.66813622643005,182155
22.699753757541632,182408
22.731371288653214,182661
22.762988819764796,182914
22.794268464422387,183167
22.82588599553397,183420
22.838274431957345,183464
22.869891963068927,183717
22.90150949418051,183970
22.93312702529209,184223
22.964406669949682,184476
22.996024201061264,184729
23.027641732172846,184982
23.058921376830437,185235
23.090201021488028,185488
23.11703603856864,185741
23.14644156474291,185994
23.173276581823522,186247
23.204894112935104,186500
23.231729130015715,186753
23.263340727413013,187007
23.29495232481031,187261
23.326563922207608,187515
23.358175519604906,187769
23.389787117002204,188024
23.4213987143995,188279
23.453097135111083,188534
23.48470873250838,188789
23.516320329905678,189044
23.547931927302976,189299
23.579630348014557,189554
23.611241945411855,189809
23.642853542809153,190064
23.674133187466744,190318
23.705412832124335,190572
23.732247849204946,190826
23.761734264979218,191080
23.78856928205983,191334
23.820180879457126,191588
23.847015896537737,191842
23.878627493935035,192096
23.910239091332333,192350
23.94185068872963,192604
23.973462286126928,192858
24.005073883524226,193112
24.036685480921523,193366
24.04907840361394,193411
24.080690001011238,193665
24.112301598408536,193919
24.143913195805833,194173
24.175192840463424,194427
24.206804437860722,194681
24.23841603525802,194935
24.26969567991561,195189
24.3009753245732,195443
24.327810341653812,195697
24.357296757428085,195951
24.384131774508695,196205
24.415743371905993,196459
24.442578388986604,196713
24.4741899863839,196967
24.5058015837812,197221
24.537413181178497,197475
24.569024778575795,197729
24.600636375973092,197983
24.63224797337039,198237
24.66352761802798,198491
24.69513921542528,198745
24.726750812822576,198999
24.758362410219874,199253
24.790060830931456,199508
24.821672428328753,199763
24.85328402572605,200018
24.884982446437633,200273
24.916680867149214,200528
24.943515884229825,200783
24.973002300004097,201038
24.999837317084708,201293
25.031448914482006,201548
25.058283931562617,201803
25.089895528959914,202058
25.121507126357212,202313
25.15311872375451,202568
25.184730321151807,202823
25.216341918549105,203078
25.247953515946403,203333
25.279651936657984,203588
25.311263534055282,203843
25.34287513145258,204098
25.374486728849877,204353
25.40618514956146,204608
25.437796746958757,204863
25.469408344356054,205118
25.501106765067636,205373
25.532805185779218,205628
25.55964020285983,205883
25.5891266186341,206138
25.61596163571471,206393
25.64757323311201,206648
25.67440825019262,206903
25.706019847589918,207158
25.737631444987215,207413
25.769243042384513,207668
25.80085463978181,207923
25.83246623717911,208178
25.864077834576406,208433
25.895776255287988,208688
25.927387852685285,208943
25.958999450082583,209198
25.99061104747988,209453
26.022309468191462,209708
26.05392106558876,209963
26.085532662986058,210218
26.11723108369764,210473
26.14892950440922,210728
26.175764521489832,210983
26.205250937264104,211238
26.232085954344715,211493
26.263697551742013,211748
26.275312440143253,211793
26.30692403754055,212048
26.33853563493785,212303
26.370147232335146,212558
26.401758829732444,212813
26.43337042712974,213068
26.46498202452704,213323
26.49668044523862,213578
26.52829204263592,213833
26.559903640033216,214088
26.591515237430514,214343
26.623213658142095,214598
26.654825255539393,214853
26.68643685293669,215108
26.718135273648272,215363
26.749833694359854,215618
26.776668711440465,215873
26.806155127214737,216128
26.832990144295348,216383
26.864601741692645,216638
26.891436758773256,216893
26.923048356170554,217148
26.95465995356785,217403
26.98627155096515,217658
27.017883148362447,217913
27.049494745759745,218168
27.081106343157042,218423
27.112804763868624,218678
27.14441636126592,218933
27.17602795866322,219188
27.207639556060517,219443
27.2393379767721,219698
27.270949574169396,219953
27.302561171566694,220208
27.334259592278276,220463
27.365958012989857,220718
27.392793030070468,220973
27.42227944584474,221228
27.44911446292535,221483
27.48072606032265,221738
27.50756107740326,221993
27.539172674800557,222248
27.570784272197855,222503
27.602395869595153,222758
27.63400746699245,223013
27.665619064389748,223268
27.697230661787046,223523
27.728929082498627,223778
27.760540679895925,224033
27.792152277293223,224288
27.82376387469052,224543
27.855462295402102,224798
27.8870738927994,225053
27.918685490196697,225308
27.95038391090828,225563
27.98208233161986,225818
28.00891734870047,226073
28.038403764474744,226328
28.065238781555355,226583
28.096850378952652,226838
28.123685396033263,227093
28.15529699343056,227348
28.18690859082786,227603
28.218520188225156,227858
28.250131785622454,228113
28.28174338301975,228368
28.31335498041705,228623
28.34505340112863,228878
28.37666499852593,229133
28.408276595923226,229388
28.439888193320524,229643
28.471586614032105,229898
28.503198211429403,230153
28.5348098088267,230408
28.566508229538282,230663
28.598206650249864,230918
28.625041667330475,231173
28.654528083104747,231428
28.681363100185358,231683
28.712974697582656,231938
28.739809714663267,232193
28.771421312060564,232448
28.803032909457862,232703
28.83464450685516,232958
28.866256104252457,233213
28.897867701649755,233468
28.929479299047053,233723
28.961177719758634,233978
28.992789317155932,234233
29.02440091455323,234488
29.056012511950527,234743
29.08771093266211,234998
29.119322530059407,235253
29.150934127456704,235508
29.182632548168286,235763
29.214330968879867,236018
29.24116598596048,236273
29.27065240173475,236528
29.29748741881536,236783
29.32909901621266,237038
29.35593403329327,237293
29.387545630690568,237548
29.419157228087865,237803
29.450768825485163,238058
29.48238042288246,238313
29.51399202027976,238568
29.545603617677056,238823
29.577302038388638,239078
29.608913635785935,239333
29.640525233183233,239588
29.67213683058053,239843
29.703835251292112,240098
29.73544684868941,240353
29.767058446086708,240608
29.79875686679829,240863
29.83045528750987,241118
29.85729030459048,241373
29.886776720364754,241628
29.913611737445365,241883
29.945223334842662,242138
29.972058351923273,242393
30.00366994932057,242648
30.03528154671787,242903
30.066893144115166,243158
30.098504741512464,243413
30.13011633890976,243668
30.16172793630706,243923
30.19342635701864,244178
30.22503795441594,244433
30.256649551813236,244688
30.288261149210534,244943
30.319959569922116,245198
30.351571167319413,245453
30.38318276471671,245708
30.414881185428293,245963
30.446579606139874,246218
30.473414623220485,246473
30.502901038994757,246728
30.529736056075368,246983
30.561347653472666,247238
30.588182670553277,247493
30.619794267950574,247748
30.651405865347872,248003
30.68301746274517,248258
30.714629060142467,248513
30.746240657539765,248768
30.777852254937063,249023
30.809550675648644,249278
30.841162273045942,249533
30.87277387044324,249788
30.904385467840537,250043
30.93608388855212,250298
30.967695485949417,250553
30.999307083346714,250808
31.031005504058296,251063
31.062703924769878,251318
31.08953894185049,251573
31.11902535762476,251828
31.14586037470537,252083
31.17747197210267,252338
31.20430698918328,252593
31.235918586580578,252848
31.267530183977875,253103
31.299141781375173,253358
31.33075337877247,253613
31.36236497616977,253868
31.393976573567066,254123
31.425674994278648,254378
31.457286591675945,254633
31.488898189073243,254888
31.52050978647054,255143
31.552208207182122,255398
31.58381980457942,255653
31.615431401976718,255908
31.6471298226883,256163
31.67882824339988,256418
31.70566326048049,256673
31.735149676254764,256928
31.761984693335375,257183
31.793596290732673,257438
31.820431307813283,257693
31.85204290521058,257948
31.88365450260788,258203
31.915266100005176,258458
31.946877697402474,258713
31.978489294799772,258968
32.010100892197066,259223
32.04179931290865,259478
32.073410910305945,259733
32.10502250770324,259988
32.13663410510053,260243
32.16833252581212,260498
32.19994412320941,260753
32.23155572060671,261008
32.26325414131829,261263
32.29495256202988,261518
32.321787579110485,261773
32.35127399488476,262028
32.378109011965364,262283
32.40972060936266,262538
32.436555626443266,262793
32.46816722384056,263048
32.499778821237854,263303
32.53139041863515,263558
32.56300201603244,263813
32.594613613429736,264068
32.62622521082703,264323
32.657923631538615,264578
32.68953522893591,264833
32.721146826333204,265088
32.7527584237305,265343
32.78445684444208,265598
32.81606844183938,265853
32.84768003923667,266108
32.879378459948256,266363
32.91107688065984,266618
32.93791189774045,266873
32.96739831351472,267128
32.99423333059533,267383
33.02584492799262,267638
33.05267994507323,267893
33.084291542470524,268148
33.11590313986782,268403
33.14751473726511,268658
33.179126334662406,268913
33.2107379320597,269168
33.242349529456995,269423
33.27404795016858,269678
33.305659547565874,269933
33.33727114496317,270188
33.36888274236046,270443
33.40058116307205,270698
33.43219276046934,270953
33.463804357866636,271208
33.49550277857822,271463
33.527201199289806,271718
33.55403621637041,271973
33.583522632144685,272228
33.61035764922529,272483
33.64196924662259,272738
33.668804263703194,272993
33.70041586110049,273248
33.73202745849778,273503
33.76363905589508,273758
33.79525065329237,274013
33.826862250689665,274268
33.85847384808696,274523
33.890172268798544,274778
33.92178386619584,275033
33.95339546359313,275288
33.98500706099043,275543
34.01670548170201,275798
34.048317079099306,276053
34.0799286764966,276308
34.111627097208185,276563
34.14332551791977,276818
34.17016053500038,277073
34.19964695077465,277328
34.22648196785526,277583
34.25809356525255,277838
34.28492858233316,278093
34.31654017973045,278348
34.34815177712775,278603
34.37976337452504,278858
34.411374971922335,279113
34.44298656931963,279368
34.47459816671692,279623
34.50629658742851,279878
34.5379081848258,280133
34.5695197822231,280388
34.60113137962039,280643
34.632829800331976,280898
34.66444139772927,281153
34.696052995126564,281408
34.72775141583815,281663
34.759449836549734,281918
34.78628485363034,282173
34.815771269404614,282428
34.84260628648522,282683
34.874217883882515,282938
34.90105290096312,283193
34.93266449836042,283448
34.96427609575771,283703
34.995887693155005,283958
35.0274992905523,284213
35.05911088794959,284468
35.09072248534689,284723
35.12242090605847,284978
35.15403250345577,285233
35.18564410085306,285488
35.217255698250355,285743
35.24895411896194,285998
35.280565716359234,286253
35.31217731375653,286508
35.343875734468114,286763
35.3755741551797,287018
35.402409172260306,287273
35.43189558803458,287528
35.458730605115186,287783
35.49034220251248,288038
35.51717721959309,288293
35.54878881699038,288548
35.580400414387675,288803
35.61201201178497,289058
35.643623609182264,289313
35.67523520657956,289568
35.70684680397685,289823
35.73854522468844,290078
35.77015682208573,290333
35.801768419483025,290588
35.83338001688032,290843
35.865078437591905,291098
35.8966900349892,291353
35.92830163238649,291608
35.96000005309808,291863
35.99169847380966,292118
36.01853349089027,292373
36.04801990666454,292628
36.07485492374515,292883
36.106466521142444,293138
36.13330153822305,293393
36.164913135620345,293648
36.19652473301764,293903
36.228136330414934,294158
36.25974792781223,294413
36.29135952520952,294668
36.322971122606816,294923
36.3546695433184,295178
36.386281140715695,295433
36.41789273811299,295688
36.449504335510284,295943
36.48120275622187,296198
36.51281435361916,296453
36.54442595101646,296708
36.57612437172804,296963
36.60782279243963,297218
36.634657809520235,297473
36.66414422529451,297728
36.690979242375114,297983
36.72259083977241,298238
36.749425856853016,298493
36.78103745425031,298748
36.812649051647604,299003
36.8442606490449,299258
36.87587224644219,299513
36.907483843839486,299768
36.93909544123678,300023
36.970793861948366,300278
37.00240545934566,300533
37.034017056742954,300788
37.06562865414025,301043
37.09732707485183,301298
37.12893867224913,301553
37.16055026964642,301808
37.19224869035801,302063
37.22394711106959,302318
37.2507821281502,302573
37.28026854392447,302828
37.30710356100508,303083
37.33871515840237,303338
37.36555017548298,303593
37.397161772880274,303848
37.42877337027757,304103
37.46038496767486,304358
37.49199656507216,304613
37.52360816246945,304868
37.555219759866745,305123
37.58691818057833,305378
37.618529777975624,305633
37.65014137537292,305888
37.68175297277021,306143
37.7134513934818,306398
37.74506299087909,306653
37.776674588276386,306908
37.80837300898797,307163
37.840071429699556,307418
37.86690644678016,307673
37.896392862554436,307928
37.92322787963504,308183
37.95483947703234,308438
37.981674494112944,308693
38.01328609151024,308948
38.04489768890753,309203
38.07650928630483,309458
38.10812088370212,309713
38.139732481099415,309968
38.17134407849671,310223
38.203042499208294,310478
38.23465409660559,310733
38.26626569400288,310988
38.29787729140018,311243
38.32957571211176,311498
38.361187309509056,311753
38.39279890690635,312008
38.424497327617935,312263
38.45619574832952,312518
38.48303076541013,312773
38.5125171811844,313028
38.53935219826501,313283
38.5709637956623,313538
38.59779881274291,313793
38.6294104101402,314048
38.6610220075375,314303
38.69263360493479,314558
38.724245202332085,314813
38.75585679972938,315068
38.78746839712667,315323
38.81916681783826,315578
38.85077841523555,315833
38.88239001263285,316088
38.91400161003014,316343
38.945700030741726,316598
38.97731162813902,316853
39.008923225536314,317108
39.0406216462479,317363
39.072320066959485,317618
39.09915508404009,317873
39.128641499814364,318128
39.15547651689497,318383
39.187088114292266,318638
39.21392313137287,318893
39.24553472877017,319148
39.27714632616746,319403
39.308757923564755,319658
39.34036952096205,319913
39.371981118359344,320168
39.40359271575664,320423
39.43529113646822,320678
39.46690273386552,320933
39.49851433126281,321188
39.530125928660105,321443
39.56182434937169,321698
39.593435946768984,321953
39.62504754416628,322208
39.656745964877864,322463
39.68844438558945,322718
39.715279402670056,322973
39.74476581844433,323228
39.771600835524936,323483
39.80321243292223,323738
39.83004745000284,323993
39.86165904740013,324248
39.893270644797425,324503
39.92488224219472,324758
39.956493839592014,325013
39.98810543698931,325268
40.0197170343866,325523
40.05141545509819,325778
40.08302705249548,326033
40.114638649892775,326288
40.14625024729007,326543
40.177948668001655,326798
40.20956026539895,327053
40.24117186279624,327308
40.27287028350783,327563
40.30456870421941,327818
40.33140372130002,328073
40.36089013707429,328328
40.3877251541549,328583
40.419336751552194,328838
40.4461717686328,329093
40.477783366030096,329348
40.50939496342739,329603
40.541006560824684,329858
40.57261815822198,330113
40.60422975561927,330368
40.635841353016566,330623
40.66753977372815,330878
40.699151371125446,331133
40.73076296852274,331388
40.762374565920034,331643
40.79407298663162,331898
40.82568458402891,332153
40.85729618142621,332408
40.88899460213779,332663
40.92069302284938,332918
40.947528039929985,333173
40.97701445570426,333428
41.003849472784864,333683
41.03546107018216,333938
41.062296087262766,334193
41.09390768466006,334448
41.125519282057354,334703
41.15713087945465,334958
41.18874247685194,335213
41.22035407424924,335468
41.25196567164653,335723
41.283664092358116,335978
41.31527568975541,336233
41.346887287152704,336488
41.37849888455,336743
41.41019730526158,336998
41.44180890265888,337253
41.47342050005617,337508
41.50511892076776,337763
41.53681734147934,338018
41.56365235855995,338273
41.59313877433422,338528
41.61997379141483,338783
41.65158538881212,339038
41.67842040589273,339293
41.710032003290024,339548
41.74164360068732,339803
41.77325519808461,340058
41.80486679548191,340313
41.8364783928792,340568
41.868089990276495,340823
41.89978841098808,341078
41.931400008385374,341333
41.96301160578267,341588
41.99462320317996,341843
42.02632162389155,342098
42.05793322128884,342353
42.089544818686136,342608
42.12124323939772,342863
42.152941660109306,343118
42.17977667718991,343373
42.209263092964186,343628
42.23609811004479,343883
42.26770970744209,344138
42.294544724522694,344393
42.32615632191999,344648
42.35776791931728,344903
42.38937951671458,345158
42.42099111411187,345413
42.452602711509165,345668
42.48421430890646,345923
42.515912729618044,346178
42.54752432701534,346433
42.57913592441263,346688
42.61074752180993,346943
42.64244594252151,347198
42.674057539918806,347453
42.7056691373161,347708
42.737367558027685,347963
42.76906597873927,348218
42.79590099581988,348473
42.82538741159415,348728
42.85222242867476,348983
42.88383402607205,349238
42.91066904315266,349493
42.94228064054995,349748
42.97389223794725,350003
43.00550383534454,350258
43.037115432741835,350513
43.06872703013913,350768
43.10033862753642,351023
43.13203704824801,351278
43.1636486456453,351533
43.1952602430426,351788
43.22687184043989,352043
43.258570261151476,352298
43.29018185854877,352553
43.321793455946064,352808
43.35349187665765,353063
43.385190297369235,353318
43.41202531444984,353573
43.441511730224114,353828
43.46834674730472,354083
43.499958344702016,354338
43.52679336178262,354593
43.55840495917992,354848
43.59001655657721,355103
43.621628153974505,355358
43.6532397513718,355613
43.684851348769094,355868
43.71646294616639,356123
43.74816136687797,356378
43.77977296427527,356633
43.81138456167256,356888
43.842996159069855,357143
43.87469457978144,357398
43.906306177178735,357653
43.93791777457603,357908
43.969616195287614,358163
44.0013146159992,358418
44.028149633079806,358673
44.05763604885408,358928
44.084471065934686,359183
44.11608266333198,359438
44.14291768041259,359693
44.17452927780988,359948
44.206140875207176,360203
44.23775247260447,360458
44.269364070001764,360713
44.30097566739906,360968
44.33258726479635,361223
44.36428568550794,361478
44.39589728290523,361733
44.427508880302526,361988
44.45912047769982,362243
44.490818898411405,362498
44.5224304958087,362753
44.55404209320599,363008
44.58574051391758,363263
44.61743893462916,363518
44.64427395170977,363773
44.67376036748404,364028
44.70059538456465,364283
44.732206981961944,364538
44.75904199904255,364793
44.790653596439846,365048
44.82226519383714,365303
44.853876791234434,365558
44.88548838863173,365813
44.91709998602902,366068
44.94871158342632,366323
44.9804100041379,366578
45.012021601535196,366833
45.04363319893249,367088
45.075244796329784,367343
45.10694321704137,367598
45.13855481443866,367853
45.17016641183596,368108
45.20186483254754,368363
45.23356325325913,368618
45.260398270339735,368873
45.28988468611401,369128
45.316719703194615,369383
45.34833130059191,369638
45.375166317672516,369893
45.40677791506981,370148
45.438389512467104,370403
45.4700011098644,370658
45.50161270726169,370913
45.53322430465899,371168
45.56483590205628,371423
45.596534322767866,371678
45.62814592016516,371933
45.659757517562454,372188
45.69136911495975,372443
45.72306753567133,372698
45.75467913306863,372953
45.78629073046592,373208
45.81798915117751,373463
45.84968757188909,373718
45.8765225889697,373973
45.90600900474397,374228
45.93284402182458,374483
45.96445561922187,374738
45.99129063630248,374993
46.022902233699774,375248
46.05451383109707,375503
46.08612542849436,375758
46.11773702589166,376013
46.14934862328895,376268
46.180960220686245,376523
46.21265864139783,376778
46.244270238795124,377033
46.27588183619242,377288
46.30749343358971,377543
46.3391918543013,377798
46.37080345169859,378053
46.402415049095886,378308
46.43411346980747,378563
46.465811890519056,378818
46.492646907599664,379073
46.522133323373936,379328
46.54896834045454,379583
46.58057993785184,379838
46.607414954932445,380093
46.63902655232974,380348
46.67063814972703,380603
46.70224974712433,380858
46.73386134452162,381113
46.765472941918915,381368
46.79708453931621,381623
46.828782960027795,381878
46.86039455742509,382133
46.89200615482238,382388
46.92361775221968,382643
46.95531617293126,382898
46.986927770328556,383153
47.01853936772585,383408
47.050237788437435,383663
47.08193620914902,383918
47.10877122622963,384173
47.1382576420039,384428
47.16509265908451,384683
47.1967042564818,384938
47.22353927356241,385193
47.2551508709597,385448
47.286762468357,385703
47.31837406575429,385958
47.349985663151585,386213
47.38159726054888,386468
47.413208857946174,386723
47.44490727865776,386978
47.47651887605505,387233
47.50813047345235,387488
47.53974207084964,387743
47.571440491561226,387998
47.60305208895852,388253
47.634663686355815,388508
47.6663621070674,388763
47.698060527778985,389018
47.72489554485959,389273
47.754381960633864,389528
47.78121697771447,389783
47.812828575111766,390038
47.83966359219237,390293
47.87127518958967,390548
47.90288678698696,390803
47.934498384384256,391058
47.96610998178155,391313
47.997721579178844,391568
48.02933317657614,391823
48.06103159728772,392078
48.09264319468502,392333
48.12425479208231,392588
48.155866389479606,392843
48.18756481019119,393098
48.219176407588485,393353
48.25078800498578,393608
48.282486425697364,393863
48.31418484640895,394118
48.34101986348956,394373
48.37050627926383,394628
48.397341296344436,394883
48.42895289374173,395138
48.45578791082234,395393
48.48739950821963,395648
48.519011105616926,395903
48.55062270301422,396158
48.582234300411514,396413
48.61384589780881,396668
48.6454574952061,396923
48.67715591591769,397178
48.70876751331498,397433
48.740379110712276,397688
48.77199070810957,397943
48.803689128821155,398198
48.83530072621845,398453
48.86691232361574,398708
48.89861074432733,398963
48.93030916503891,399218
48.95714418211952,399473
48.98663059789379,399728
49.0134656149744,399983
49.045077212371694,400238
49.0719122294523,400493
49.103523826849596,400748
49.13513542424689,401003
49.166747021644184,401258
49.19835861904148,401513
49.22997021643877,401768
49.26158181383607,402023
49.29328023454765,402278
49.324891831944946,402533
49.35650342934224,402788
49.388115026739534,403043
49.41981344745112,403298
49.45142504484841,403553
49.48303664224571,403808
49.51473506295729,404063
49.54643348366888,404318
49.573268500749485,404573
49.60275491652376,404828
49.629589933604365,405083
49.66120153100166,405338
49.688036548082266,405593
49.71964814547956,405848
49.751259742876854,406103
49.78287134027415,406358
49.81448293767144,406613
49.84609453506874,406868
49.87770613246603,407123
49.909404553177616,407378
49.94101615057491,407633
49.972627747972204,407888
50.0042393453695,408143
50.035937766081084,408398
50.06754936347838,408653
50.09916096087567,408908
50.13085938158726,409163
50.16255780229884,409418
50.18939281937945,409673
50.21887923515372,409928
50.24571425223433,410183
50.27732584963162,410438
50.30416086671223,410693
50.335772464109525,410948
50.36738406150682,411203
50.39899565890411,411458
50.43060725630141,411713
50.4622188536987,411968
50.493830451095995,412223
50.52552887180758,412478
50.557140469204874,412733
50.58875206660217,412988
50.62036366399946,413243
50.65206208471105,413498
50.68367368210834,413753
50.715285279505636,414008
50.74698370021722,414263
50.778682120928806,414518
50.805517138009414,414773
50.835003553783686,415028
50.86183857086429,415283
50.89345016826159,415538
50.920285185342195,415793
50.95189678273949,416048
50.98350838013678,416303
51.01511997753408,416558
51.04673157493137,416813
51.078343172328665,417068
51.10995476972596,417323
51.141653190437545,417578
51.17326478783484,417833
51.20487638523213,418088
51.23648798262943,418343
51.26818640334101,418598
51.299798000738306,418853
51.3314095981356,419108
51.363108018847186,419363
51.39480643955877,419618
51.42164145663938,419873
51.45112787241365,420128
51.47796288949426,420383
51.50957448689155,420638
51.53640950397216,420893
51.56802110136945,421148
51.59963269876675,421403
51.63124429616404,421658
51.662855893561336,421913
51.69446749095863,422168
51.726079088355924,422423
51.75777750906751,422678
51.7893891064648,422933
51.8210007038621,423188
51.85261230125939,423443
51.88431072197098,423698
51.91592231936827,423953
51.947533916765565,424208
51.97923233747715,424463
52.010930758188735,424718
52.03776577526934,424973
52.067252191043615,425228
52.09408720812422,425483
52.125698805521516,425738
52.15253382260212,425993
52.18414541999942,426248
52.21575701739671,426503
52.247368614794006,426758
52.2789802121913,427013
52.310591809588594,427268
52.34220340698589,427523
52.37390182769747,427778
52.40551342509477,428033
52.43712502249206,428288
52.468736619889356,428543
52.50043504060094,428798
52.532046637998235,429053
52.56365823539553,429308
52.595356656107114,429563
52.6270550768187,429818
52.65389009389931,430073
52.68337650967358,430328
52.710211526754186,430583
52.74182312415148,430838
52.76865814123209,431093
52.80026973862938,431348
52.831881336026676,431603
52.86349293342397,431858
52.895104530821264,432113
52.92671612821856,432368
52.95832772561585,432623
52.99002614632744,432878
53.02163774372473,433133
53.053249341122026,433388
53.08486093851932,433643
53.116559359230905,433898
53.1481709566282,434153
53.17978255402549,434408
53.21148097473708,434663
53.243179395448664,434918
53.27001441252927,435173
53.29950082830354,435428
53.32633584538415,435683
53.357947442781445,435938
53.38478245986205,436193
53.416394057259346,436448
53.44800565465664,436703
53.479617252053934,436958
53.51122884945123,437213
53.54284044684852,437468
53.57445204424582,437723
53.6061504649574,437978
53.637762062354696,438233
53.66937365975199,438488
53.700985257149284,438743
53.73268367786087,438998
53.76429527525816,439253
53.79590687265546,439508
53.82760529336704,439763
53.85930371407863,440018
53.886138731159235,440273
53.91562514693351,440528
53.942460164014115,440783
53.97407176141141,441038
54.000906778492016,441293
54.03251837588931,441548
54.064129973286605,441803
54.0957415706839,442058
54.12735316808119,442313
54.15896476547849,442568
54.19057636287578,442823
54.222274783587366,443078
54.25388638098466,443333
54.285497978381954,443588
54.31710957577925,443843
54.348807996490834,444098
54.38041959388813,444353
54.41203119128542,444608
54.44372961199701,444863
54.47542803270859,445118
54.5022630497892,445373
54.53174946556347,445628
54.55858448264408,445883
54.59019608004137,446138
54.61703109712198,446393
54.648642694519275,446648
54.68025429191657,446903
54.71186588931386,447158
54.74347748671116,447413
54.77508908410845,447668
54.806700681505745,447923
54.83839910221733,448178
54.870010699614625,448433
54.90162229701192,448688
54.93323389440921,448943
54.9649323151208,449198
54.99654391251809,449453
55.028155509915386,449708
55.05985393062697,449963
55.09155235133856,450218
55.118387368419164,450473
55.147873784193436,450728
55.17470880127404,450983
55.20632039867134,451238
55.233155415751945,451493
55.26476701314924,451748
55.29637861054653,452003
55.32799020794383,452258
55.35960180534112,452513
55.391213402738416,452768
55.42282500013571,453023
55.454523420847295,453278
55.48613501824459,453533
55.51774661564188,453788
55.54935821303918,454043
55.58105663375076,454298
55.61266823114806,454553
55.64427982854535,454808
55.675978249256936,455063
55.70767666996852,455318
55.73451168704913,455573
55.7639981028234,455828
55.79083311990401,456083
55.8224447173013,456338
55.84927973438191,456593
55.8808913317792,456848
55.9125029291765,457103
55.94411452657379,457358
55.975726123971086,457613
56.00733772136838,457868
56.038949318765674,458123
56.07064773947726,458378
56.10225933687455,458633
56.13387093427185,458888
56.16548253166914,459143
56.19718095238073,459398
56.22879254977802,459653
56.260404147175315,459908
56.2921025678869,460163
56.323800988598485,460418
56.35063600567909,460673
56.380122421453365,460928
56.40695743853397,461183
56.438569035931266,461438
56.46540405301187,461693
56.49701565040917,461948
56.52862724780646,462203
56.560238845203756,462458
56.59185044260105,462713
56.623462039998344,462968
56.65507363739564,463223
56.68677205810722,463478
56.71838365550452,463733
56.74999525290181,463988
56.781606850299106,464243
56.81330527101069,464498
56.844916868407985,464753
56.87652846580528,465008
56.908226886516864,465263
56.93992530722845,465518
56.96676032430906,465773
56.99624674008333,466028
57.023081757163936,466283
57.05469335456123,466538
57.08152837164184,466793
57.11313996903913,467048
57.144751566436426,467303
57.17636316383372,467558
57.207974761231014,467813
57.23958635862831,468068
57.2711979560256,468323
57.30289637673719,468578
57.33450797413448,468833
57.366119571531776,469088
57.39773116892907,469343
57.429429589640655,469598
57.46104118703795,469853
57.49265278443524,470108
57.52435120514683,470363
57.556049625858414,470618
57.58288464293902,470873
57.61237105871329,471128
57.6392060757939,471383
57.670817673191195,471638
57.6976526902718,471893
57.729264287669096,472148
57.76087588506639,472403
57.792487482463685,472658
57.82409907986098,472913
57.85571067725827,473168
57.88732227465557,473423
57.91902069536715,473678
57.950632292764446,473933
57.98224389016174,474188
58.013855487559034,474443
58.04555390827062,474698
58.077165505667914,474953
58.10877710306521,475208
58.14047552377679,475463
58.17217394448838,475718
58.199008961568985,475973
58.22849537734326,476228
58.255330394423865,476483
58.28694199182116,476738
58.313777008901766,476993
58.34538860629906,477248
58.377000203696355,477503
58.40861180109365,477758
58.44022339849094,478013
58.47183499588824,478268
58.50344659328553,478523
58.535145013997116,478778
58.56675661139441,479033
58.598368208791705,479288
58.629979806189,479543
58.661678226900584,479798
58.69328982429788,480053
58.72490142169517,480308
58.75659984240676,480563
58.78829826311834,480818
58.81513328019895,481073
58.84461969597322,481328
58.87145471305383,481583
58.90306631045112,481838
58.92990132753173,482093
58.961512924929025,482348
58.99312452232632,482603
59.02473611972361,482858
59.05634771712091,483113
59.0879593145182,483368
59.119570911915496,483623
59.15126933262708,483878
59.182880930024375,484133
59.21449252742167,484388
59.24610412481896,484643
59.27780254553055,484898
59.30941414292784,485153
59.341025740325136,485408
59.37272416103672,485663
59.40442258174831,485918
59.431257598828914,486173
59.460744014603186,486428
59.487579031683794,486683
59.51919062908109,486938
59.546025646161695,487193
59.57763724355899,487448
59.60924884095628,487703
59.64086043835358,487958
59.67247203575087,488213
59.704083633148166,488468
59.73569523054546,488723
59.767393651257045,488978
59.79900524865434,489233
59.83061684605163,489488
59.86222844344893,489743
59.89392686416051,489998
59.92553846155781,490253
59.9571500589551,490508
59.988848479666686,490763
60.02054690037827,491018
60.04738191745888,491273
60.07686833323315,491528
60.10370335031376,491783
60.13531494771105,492038
60.16214996479166,492293
60.19376156218895,492548
60.22537315958625,492803
60.25698475698354,493058
60.288596354380836,493313
60.32020795177813,493568
60.351819549175424,493823
60.38351796988701,494078
60.4151295672843,494333
60.4467411646816,494588
60.47835276207889,494843
60.51005118279048,495098
60.54166278018777,495353
60.573274377585065,495608
60.60497279829665,495863
60.636671219008235,496118
60.66350623608884,496373
60.692992651863115,496628
60.71982766894372,496883
60.751439266341016,497138
60.778274283421624,497393
60.80988588081892,497648
60.84149747821621,497903
60.873109075613506,498158
60.9047206730108,498413
60.936332270408094,498668
60.96794386780539,498923
60.999642288516974,499178
61.03125388591427,499433
61.06286548331156,499688
61.094477080708856,499943
61.12617550142044,500198
61.157787098817735,500453
61.18939869621503,500708
61.221097116926614,500963
61.2527955376382,501218
61.27963055471881,501473
61.30911697049308,501728
61.33595198757369,501983
61.36756358497098,502238
61.39439860205159,502493
61.42601019944888,502748
61.457621796846176,503003
61.48923339424347,503258
61.520844991640764,503513
61.55245658903806,503768
61.58406818643535,504023
61.61576660714694,504278
61.64737820454423,504533
61.678989801941526,504788
61.71060139933882,505043
61.742299820050405,505298
61.7739114174477,505553
61.805523014844994,505808
61.83722143555658,506063
61.868919856268164,506318
61.89575487334877,506573
61.92524128912304,506828
61.95207630620365,507083
61.983687903600945,507338
62.01052292068155,507593
62.042134518078846,507848
62.07374611547614,508103
62.105357712873435,508358
62.13696931027073,508613
62.16858090766802,508868
62.20019250506532,509123
62.2318909257769,509378
62.263502523174196,509633
62.29511412057149,509888
62.326725717968785,510143
62.35842413868037,510398
62.390035736077664,510653
62.42164733347496,510908
62.45334575418654,511163
62.48504417489813,511418
62.511879191978736,511673
62.54136560775301,511928
62.568200624833615,512183
62.59981222223091,512438
62.62664723931152,512693
62.65825883670881,512948
62.689870434106105,513203
62.7214820315034,513458
62.75309362890069,513713
62.78470522629799,513968
62.81631682369528,514223
62.84801524440687,514478
62.87962684180416,514733
62.911238439201455,514988
62.94285003659875,515243
62.974548457310334,515498
63.00616005470763,515753
63.03777165210492,516008
63.06947007281651,516263
63.10116849352809,516518
63.1280035106087,516773
63.15748992638297,517028
63.18432494346358,517283
63.21593654086087,517538
63.24277155794148,517793
63.274383155338775,518048
63.30599475273607,518303
63.33760635013336,518558
63.36921794753066,518813
63.40082954492795,519068
63.432441142325246,519323
63.44483406501766,519368
63.47644566241495,519623
63.50805725981225,519878
63.53966885720954,520133
63.57136727792113,520388
63.60297887531842,520643
63.634590472715715,520898
63.6662888934273,521153
63.697987314138885,521408
63.72482233121949,521663
63.754308746993765,521918
63.78114376407437,522173
63.812755361471666,522428
63.824370249872906,522473
63.8559818472702,522728
63.887593444667495,522983
63.91920504206479,523238
63.95081663946208,523493
63.98242823685938,523748
64.01403983425668,524003
64.04573825496826,524258
64.07734985236556,524513
64.10896144976286,524768
64.14057304716016,525023
64.15296596985257,525068
64.18457756724987,525323
64.21618916464718,525578
64.24788758535875,525833
64.27958600607033,526088
64.30642102315095,526343
64.33590743892522,526598
64.36274245600583,526853
64.39435405340313,527108
64.42118907048375,527363
64.45280066788105,527618
64.48441226527835,527873
64.51602386267565,528128
64.54763546007295,528383
64.57924705747025,528638
64.61085865486756,528893
64.64255707557913,529148
64.67416867297644,529403
64.70578027037374,529658
64.73739186777104,529913
64.74978479046345,529958
64.78139638786075,530213
64.81300798525805,530468
64.84470640596963,530723
64.87640482668121,530978
64.90323984376182,531233
64.9327262595361,531488
64.95956127661671,531743
64.99117287401401,531998
65.01800789109463,532253
65.04961948849193,532508
65.08123108588923,532763
65.09450871588949,532808
65.12612031328679,533063
65.15773191068409,533318
65.1893435080814,533573
65.22104192879297,533828
65.25265352619027,534083
65.28426512358757,534338
65.31587672098487,534593
65.34757514169645,534848
65.37918673909375,535103
65.41079833649106,535358
65.42319125918347,535403
65.45488967989505,535658
65.46650456829629,535703
65.47856043273104,535748
65.49017532113228,535793
65.52178691852959,536048
65.5486219356102,536303
65.5802335330075,536558
65.6118451304048,536813
65.6434567278021,537068
65.6750683251994,537323
65.7066799225967,537578
65.73829151999401,537833
65.76998994070559,538088
65.80160153810289,538343
65.83321313550019,538598
65.86482473289749,538853
65.89652315360907,539108
65.92813475100637,539363
65.95974634840367,539618
65.99144476911525,539873
66.02314318982683,540128
66.04997820690744,540383
66.07946462268171,540638
66.10629963976233,540893
66.13791123715963,541148
66.16474625424024,541403
66.19635785163754,541658
66.22796944903484,541913
66.25958104643215,542168
66.29119264382945,542423
66.32280424122675,542678
66.35441583862405,542933
66.38611425933563,543188
66.41772585673293,543443
66.44933745413023,543698
66.48094905152753,543953
66.51264747223911,544208
66.54425906963641,544463
66.57587066703371,544718
66.60756908774529,544973
66.63926750845687,545228
66.66610252553748,545483
66.69558894131175,545738
66.707203829713,545783
66.7388154271103,546038
66.75043031551154,546083
66.7637079455118,546128
66.7953195429091,546383
66.8269311403064,546638
66.8585427377037,546893
66.890154335101,547148
66.9217659324983,547403
66.95346435320988,547658
66.98507595060718,547913
67.01668754800448,548168
67.04829914540178,548423
67.07999756611336,548678
67.11160916351066,548933
67.14322076090797,549188
67.17491918161954,549443
67.20661760233112,549698
67.23345261941174,549953
67.26293903518601,550208
67.28977405226662,550463
67.32138564966392,550718
67.34822066674454,550973
67.37983226414184,551228
67.41144386153914,551483
67.44305545893644,551738
67.47466705633374,551993
67.50627865373104,552248
67.53789025112835,552503
67.56958867183992,552758
67.60120026923722,553013
67.63281186663453,553268
67.66442346403183,553523
67.6961218847434,553778
67.7277334821407,554033
67.75934507953801,554288
67.79104350024959,554543
67.82274192096116,554798
67.84957693804178,555053
67.87906335381605,555308
67.90589837089667,555563
67.93750996829397,555818
67.96434498537458,556073
67.99595658277188,556328
68.02756818016918,556583
68.05917977756648,556838
68.09079137496379,557093
68.12240297236109,557348
68.15401456975839,557603
68.18571299046997,557858
68.21732458786727,558113
68.24893618526457,558368
68.28054778266187,558623
68.31224620337345,558878
68.34385780077075,559133
68.37546939816805,559388
68.40716781887963,559643
68.4388662395912,559898
68.46570125667182,560153
68.4951876724461,560408
68.52202268952671,560663
68.55363428692401,560918
68.56524917532525,560963
68.59686077272255,561218
68.62847237011985,561473
68.66008396751715,561728
68.69169556491445,561983
68.72330716231176,562238
68.75491875970906,562493
68.78661718042063,562748
68.81822877781794,563003
68.84984037521524,563258
68.88145197261254,563513
68.91315039332412,563768
68.94476199072142,564023
68.97637358811872,564278
69.0080720088303,564533
69.03977042954187,564788
69.06660544662249,565043
69.09609186239676,565298
69.12292687947738,565553
69.15453847687468,565808
69.18137349395529,566063
69.21298509135259,566318
69.2445966887499,566573
69.2762082861472,566828
69.3078198835445,567083
69.3394314809418,567338
69.3710430783391,567593
69.40274149905068,567848
69.43435309644798,568103
69.46596469384528,568358
69.49757629124258,568613
69.52927471195416,568868
69.56088630935146,569123
69.59249790674876,569378
69.62419632746034,569633
69.65589474817192,569888
69.68272976525253,570143
69.7122161810268,570398
69.73905119810742,570653
69.77066279550472,570908
69.78227768390596,570953
69.81388928130326,571208
69.84550087870056,571463
69.87711247609786,571718
69.90872407349516,571973
69.94033567089247,572228
69.97194726828977,572483
70.00364568900135,572738
70.03525728639865,572993
70.06686888379595,573248
70.09848048119325,573503
70.13017890190483,573758
70.16179049930213,574013
70.19340209669943,574268
70.22510051741101,574523
70.25679893812259,574778
70.2836339552032,575033
70.31312037097747,575288
70.33995538805809,575543
70.37156698545539,575798
70.398402002536,576053
70.4300135999333,576308
70.4616251973306,576563
70.4932367947279,576818
70.52484839212521,577073
70.55645998952251,577328
70.58807158691981,577583
70.61977000763139,577838
70.65138160502869,578093
70.68299320242599,578348
70.71460479982329,578603
70.74630322053487,578858
70.77791481793217,579113
70.80952641532947,579368
70.84122483604105,579623
70.87292325675263,579878
70.89975827383324,580133
70.92924468960751,580388
70.95607970668813,580643
70.98769130408543,580898
71.01452632116604,581153
71.04613791856335,581408
71.07774951596065,581663
71.10936111335795,581918
71.14097271075525,582173
71.17258430815255,582428
71.20419590554985,582683
71.23589432626143,582938
71.26750592365873,583193
71.29911752105603,583448
71.33072911845333,583703
71.36242753916491,583958
71.39403913656221,584213
71.42565073395951,584468
71.45734915467109,584723
71.48904757538267,584978
71.51588259246329,585233
71.54536900823756,585488
71.57220402531817,585743
71.60381562271547,585998
71.63065063979609,586253
71.66226223719339,586508
71.69387383459069,586763
71.72548543198799,587018
71.75709702938529,587273
71.7887086267826,587528
71.8203202241799,587783
71.85201864489147,588038
71.88363024228877,588293
71.91524183968608,588548
71.94685343708338,588803
71.97855185779495,589058
72.01016345519226,589313
72.04177505258956,589568
72.07347347330114,589823
72.10517189401271,590078
72.13200691109333,590333
72.1614933268676,590588
72.18832834394821,590843
72.21993994134552,591098
72.24677495842613,591353
72.27838655582343,591608
72.30999815322073,591863
72.34160975061803,592118
72.37322134801533,592373
72.40483294541264,592628
72.43644454280994,592883
72.46814296352152,593138
72.49975456091882,593393
72.53136615831612,593648
72.56297775571342,593903
72.594676176425,594158
72.6262877738223,594413
72.6578993712196,594668
72.68959779193118,594923
72.72129621264276,595178
72.74813122972337,595433
72.77761764549764,595688
72.80445266257826,595943
72.83606425997556,596198
72.86289927705617,596453
72.89451087445347,596708
72.92612247185077,596963
72.95773406924808,597218
72.98934566664538,597473
73.02095726404268,597728
73.05256886143998,597983
73.08426728215156,598238
73.11587887954886,598493
73.14749047694616,598748
73.17910207434346,599003
73.21080049505504,599258
73.24241209245234,599513
73.27402368984964,599768
73.30572211056122,600023
73.3374205312728,600278
73.36425554835341,600533
73.39374196412768,600788
73.4205769812083,601043
73.4521885786056,601298
73.47902359568621,601553
73.51063519308352,601808
73.54224679048082,602063
73.57385838787812,602318
73.60546998527542,602573
73.63708158267272,602828
73.66869318007002,603083
73.7003916007816,603338
73.7320031981789,603593
73.7636147955762,603848
73.7952263929735,604103
73.82692481368508,604358
73.85853641108238,604613
73.89014800847968,604868
73.92184642919126,605123
73.95354484990284,605378
73.98037986698345,605633
74.00986628275773,605888
74.03670129983834,606143
74.06831289723564,606398
74.09514791431626,606653
74.12675951171356,606908
74.15837110911086,607163
74.18998270650816,607418
74.22159430390546,607673
74.25320590130276,607928
74.28481749870006,608183
74.31651591941164,608438
74.34812751680894,608693
74.37973911420625,608948
74.41135071160355,609203
74.44304913231512,609458
74.47466072971243,609713
74.50627232710973,609968
74.5379707478213,610223
74.56966916853288,610478
74.5965041856135,610733
74.62599060138777,610988
74.65282561846838,611243
74.68443721586569,611498
74.7112722329463,611753
74.7428838303436,612008
74.7744954277409,612263
74.8061070251382,612518
74.8377186225355,612773
74.8693302199328,613028
74.90094181733011,613283
74.93264023804169,613538
74.96425183543899,613793
74.99586343283629,614048
75.02747503023359,614303
75.05917345094517,614558
75.09078504834247,614813
75.12239664573977,615068
75.15409506645135,615323
75.18579348716293,615578
75.21262850424354,615833
75.24211492001781,616088
75.26894993709843,616343
75.30056153449573,616598
75.32739655157634,616853
75.35900814897364,617108
75.39061974637094,617363
75.42223134376825,617618
75.45384294116555,617873
75.48545453856285,618128
75.51706613596015,618383
75.54876455667173,618638
75.58037615406903,618893
75.61198775146633,619148
75.64359934886363,619403
75.67529776957521,619658
75.70690936697251,619913
75.73852096436981,620168
75.77021938508139,620423
75.80191780579297,620678
75.82875282287358,620933
75.85823923864785,621188
75.88507425572847,621443
75.91668585312577,621698
75.94352087020638,621953
75.97513246760369,622208
76.00674406500099,622463
76.03835566239829,622718
76.06996725979559,622973
76.10157885719289,623228
76.13319045459019,623483
76.16488887530177,623738
76.19650047269907,623993
76.22811207009637,624248
76.25972366749367,624503
76.29142208820525,624758
76.32303368560255,625013
76.35464528299985,625268
76.38634370371143,625523
76.41804212442301,625778
76.44487714150362,626033
76.4743635572779,626288
76.50119857435851,626543
76.53281017175581,626798
76.55964518883643,627053
76.59125678623373,627308
76.62286838363103,627563
76.65447998102833,627818
76.68609157842563,628073
76.71770317582293,628328
76.74931477322023,628583
76.78101319393181,628838
76.81262479132911,629093
76.84423638872642,629348
76.87584798612372,629603
76.9075464068353,629858
76.9391580042326,630113
76.9707696016299,630368
77.00246802234147,630623
77.03416644305305,630878
77.06100146013367,631133
77.09048787590794,631388
77.11732289298855,631643
77.14893449038586,631898
77.17576950746647,632153
77.20738110486377,632408
77.23899270226107,632663
77.27060429965837,632918
77.30221589705567,633173
77.33382749445298,633428
77.36543909185028,633683
77.39713751256186,633938
77.42874910995916,634193
77.46036070735646,634448
77.49197230475376,634703
77.52367072546534,634958
77.55528232286264,635213
77.58689392025994,635468
77.61859234097152,635723
77.6502907616831,635978
77.67712577876371,636233
77.70661219453798,636488
77.7334472116186,636743
77.7650588090159,636998
77.79189382609651,637253
77.82350542349381,637508
77.85511702089111,637763
77.88672861828842,638018
77.91834021568572,638273
77.94995181308302,638528
